id,name,type,rarity,status,trigger,demand,timer,effect,on_fail,currency,scope,score_step,on_grid,state,visual,seam,cost,mode_bans,notes
arrears,Arrears,Notice,rare,idea,passive,,,Drains 5% of your score every 3 seconds while it sits on the board,,rule change,per round,n/a,yes,cardId map,cooldown ring,new contract engine + cardCan,L,none,Cannot be discarded or swapped. The pure-pressure one. Only leaves by being played.
due_today,Due Today,Notice,common,idea,on deadline,Play this card,15s,Wears a real rank and plays like an ordinary card,Takes 1 swap or 1 discard,rule change,per card,n/a,yes,cardId map,cooldown ring,contract engine,S,none,The only Notice that is also a playable card. Good first one to build.
quota_card,Quota Card,Notice,rare,idea,on deadline,Score a Set of 3 anywhere,60s,Clears itself and pays credits,Escalates its 4 neighbours,rule change,whole board,n/a,inert,cardId map,cooldown ring + card mark,handTypesRound,S,none,"Reads a counter the round already keeps, so it needs no new hook. Same trick CHALLENGE_DEFS uses."
under_review,Under Review,Notice,epic,idea,on deadline,Score N points this round,90s,Clears and pays,"Escalates, then spreads to a new neighbour every 20s",rule change,per round,n/a,inert,cardId map,cooldown ring,contract engine,M,none,The spreading one. Needs a cap or it can eat a board. Owner: is boss-only safer?
hands_on_deck,Hands On Deck,Notice,common,idea,on deadline,Score 3 hands anywhere,45s,Clears,-1 discard,rule change,whole board,n/a,inert,cardId map,cooldown ring,handsPlayedRound,S,none,"handsPlayedRound is bumped AFTER scoring, so inside calcScore the current hand is the (n+1)th."
clear_desk,Clear the Desk,Notice,common,idea,on deadline,Discard both cards beside it,30s,Clears and pays credits,Escalates,rule change,adjacent 4-way,n/a,inert,cardId map,card mark,doDiscard,S,none,Demands an ACTION rather than a score. Reads best because the answer is visible on the board.
shuffle_seating,Shuffle Seating,Notice,common,idea,on deadline,Swap it with a neighbour,20s,Clears,-1 swap,rule change,adjacent 4-way,n/a,yes,cardId map,card mark,doSwap,S,none,"Must be swappable, so cardCan must allow swap. Contrast Arrears."
cross_training,Cross-Training,Notice,rare,idea,on deadline,Score a Flush touching it,60s,Clears and buffs the cards used,Escalates,rule change,adjacent 4-way,n/a,inert,cardId map,cooldown ring + card mark,contract engine + hand-detect,M,none,Works in Spectrum: a colour flush is still a flush.
reassignment,Reassignment,Notice,rare,idea,on deadline,Let it sit,2 rounds,Becomes an ordinary card carrying +10 permanent pips,,card buff,per card,n/a,inert,cardId map,cooldown ring,contract engine,S,none,"The payoff Notice. Timer is in ROUNDS, not seconds. Proves the timer column needs a unit."
probation,Probation,Notice,common,idea,on deadline,Survive 3 swaps,3 swaps,Becomes a wild card for one hand,Escalates,board change,per card,n/a,inert,cardId map,cooldown ring,contract engine + swapsUsedRound,M,none,Timer counted in ACTIONS. swapsUsedRound already exists.
escalated,Escalated,Notice,n/a,idea,passive,,until round end,The cell is inert,,rule change,per card,n/a,inert,cardId map,card tint,isCellBlocked,S,none,"What a failed Notice leaves behind. Never offered, only created. Route via isCellBlocked and every existing guard covers it."
temp_pool,The Temp Pool,Event,n/a,idea,between rounds,Let five inert cards sit,2 min each,"All five become the same random rank; one gets a 10s rewind, one 10 credits, one +30 pips, one a replay, one a forced Trick",,card buff,the deck,n/a,inert,cardId map,card mark,events-core x4 + EVENT_REQUIRES,M,none,Owner's five-card idea. Makes Five of a Kind reachable outside Spectrum. Accrued time must survive the card leaving and returning.
reorganisation,Reorganisation,Event,n/a,idea,between rounds,,,Pick three cards from your deck; they draw first next round,,draw order,the deck,n/a,no,cardId map,card mark,drawBias + events-core x4,M,none,The draw-order event. Needs EVENT_REQUIRES so it is never offered with a tiny deck.
temp_agency,Temp Agency,Sleight,legendary,idea,on double tap,,,This Sleight and its whole row become Temp copies of the best rank on the board,,board change,row,n/a,yes,none,card tint,_temp + renderCardAppearance,M,none,STRONGEST IDEA IN THE LIST. A row of Aces is a Five/Six/Seven of a Kind. Capped by HAND_MAX_CARDS = 7.
carbon_copy,Carbon Copy,Sleight,rare,idea,on double tap,,,The card above it becomes a Temp copy of the card below it,,board change,adjacent 4-way,n/a,yes,none,card tint,_temp,S,none,The small version of Temp Agency. Good for proving _temp before building the row one.
floor_plan,Floor Plan,Sleight,rare,idea,on double tap,,,Discards the 3x3 centred on it,,board change,3x3 area,n/a,yes,none,NONE - needs one,"removeAndFall(cells,'discard')",S,none,"removeAndFall already takes an arbitrary cell list, so this is nearly free."
fire_drill,Fire Drill,Sleight,common,idea,on double tap,,,Discards a random 3x3 anywhere on the board,,board change,3x3 area,n/a,yes,none,NONE - needs one,"removeAndFall(cells,'discard')",S,none,RENAMED. 'Spot Check' is already a reward-grid penalty (BAL.spot_check).
neighbourhood,Neighbourhood,Sleight,rare,idea,passive,,,Every card touching it scores +8 pips,,pips,adjacent 8-way,per-card additive,yes,none,card mark,_isTouching,S,none,8-way matters: two swapped cells share no orthogonal neighbour at all (the trap Pivot hit).
team_lead,Team Lead,Sleight,epic,idea,on play,,,Every card touching it takes +1 permanent mult,,card buff,adjacent 8-way,n/a,yes,cardId map,card mark,_isTouching + permMult,S,none,"Say 'scores +1 mult when played', not 'permanently gains'. Flat vs scaling wording rule, r209."
department,Department,Sleight,rare,idea,passive,,,Its whole row scores +6 mult,,mult,row,hand additive,yes,none,line marker,rowColBonuses,S,none,Gets its line visual free on the play board AND the reward grid.
open_plan,Open Plan,Sleight,epic,idea,passive,,,Its column may be selected non-adjacently,,rule change,column,n/a,yes,none,line marker,hand-detect connectivity,L,none,"RISKIEST ONE HERE. Touches connectivity, which findBestHand, the preview and auto-submit all read."
standing_order,Standing Order,Knack,rare,idea,round tick,,every 30s,Forces the Trick in tray slot 1,,force a trick,per round,n/a,no,global counter,cooldown ring,armForcedTrick + trayTrickAt,S,none,"Needs trayTrickAt(n), the one missing helper. Understudy already does this shape for priming."
closing_shift,Closing Shift,Knack,rare,idea,on scored hand,Your first hand of the round,,Forces the LAST Trick in your tray,,force a trick,per round,n/a,no,round-local,toast,armForcedTrick + trayTrickAt,S,none,"Makes tray ORDER a live decision, which turns the Tray Order event into a tool."
delegate,Delegate,Sleight,epic,idea,on double tap,,,Forces the Trick in the tray slot matching this Sleight's column,,force a trick,per hand,n/a,yes,none,toast,armForcedTrick + trayTrickAt,S,none,Board position selects a Trick. Only entity that would link the two.
all_hands,All Hands,Trick,rare,idea,on scored hand,A 5-card hand,,Forces your lowest-tier Trick,,force a trick,per hand,n/a,no,none,toast,forceableTrickIds(),S,none,Only ever draw from forceableTrickIds(). 92 of 176 Tricks can force; the rest pay nothing.
performance_review,Performance Review,Sleight,epic,idea,on play,,,Forces whichever Trick paid you least last round,,force a trick,per hand,n/a,yes,global counter,toast,roundContributions,M,none,Needs last round's ledger kept past the reset. Everything else here is free.
peak_hours,Peak Hours,Knack,rare,idea,on focus max,,,Forces a random Trick instead of the usual max-Focus payout,,force a trick,per round,n/a,no,none,toast,onFocusMaxed(),S,none,Any Focus drop must be deferred ~260ms so the fill animation plays first.
pass_it_on,Pass It On,Trick,common,idea,on discard,,,Primes the Trick to its right in the tray,,prime a trick,per hand,n/a,no,none,cooldown ring,t._primed,S,none,Priming cannot fire a Trick whose condition was unmet. That is what priming IS; use force for the other.
cross_reference,Cross-Reference,Trick,epic,idea,on scored hand,Hand touches a Sleight,,Primes a random Trick,,prime a trick,per hand,n/a,no,none,cooldown ring,t._primed + _isTouching,S,none,
mentorship,Mentorship,Knack,rare,idea,between rounds,,,Primes the Trick you have owned longest,,prime a trick,per round,n/a,no,none,cooldown ring,t._primed,S,none,"Needs an acquisition order, which acquiredTricks already gives for free."
preferred_vendor,Preferred Vendor,Knack,rare,idea,on scored hand,,,The last card you scored draws sooner for the rest of the run,,draw order,per run,n/a,no,cardId map,card mark,drawBias + flushPlayedDeck,M,none,A BIAS: weighted sort at shuffle time. Never substitute at the draw (the r216 Famine lesson).
expedite,Expedite,Sleight,epic,idea,on double tap,,,"Put any card in your deck on top of the pile, now",,draw order,the deck,n/a,yes,none,toast,drawPile.unshift,M,none,"A TUTOR: deterministic and one-shot, so the player can plan a turn around it. Different feel from a bias."
filing_system,Filing System,Sleight,rare,idea,passive,,,Your highest and lowest cards both draw sooner,,draw order,the deck,n/a,yes,cardId map,NONE - needs one,drawBias,S,none,Must show the bias somewhere or nobody will believe it works.
backlog,Backlog,Knack,common,idea,on discard,,,"Discarded cards go to the back of the pile, twice over",,draw order,the deck,n/a,no,none,NONE - needs one,discardToDrawPile,S,none,"A BURY, the inverse lever. Famine is already a fleet-wide bury."
seniority,Seniority,Trick,rare,idea,on scored hand,,,Every Ace you score gains permanent draw bias,,draw order,per card,n/a,no,cardId map,card mark,drawBias,S,not Spectrum,"Spectrum has no Aces, so it must be in NUMERIC_BANNED_TRICKS."
contagion,Contagion,Boss modifier,n/a,idea,round tick,,every 20s,Plants a Notice somewhere on the board,,rule change,whole board,n/a,no,global counter,boss brief,bossSchedule + contract engine,M,none,"The boss that USES the Notice engine. Build after the engine, not with it."
the_shredder,The Shredder,Boss modifier,n/a,idea,round start,,,Your three highest cards are buried at the back of the draw pile,,draw order,the deck,n/a,no,round-local,boss brief,famineStackDeck shape,S,none,Reorders the real pile. Must not forge or rewrite cards.
night_shift,Night Shift,Notice,rare,idea,on deadline,Score a hand using it,40s,+30s on the clock,-20s on the clock,seconds (rewind),per card,n/a,yes,cardId map,cooldown ring,rewindTime(),S,not Flow,"Both outcomes go through rewindTime/pauseRound, never a raw roundSeconds write."
audit_trail,Audit Trail,Challenge,n/a,idea,round start,Clear the goal with a Notice still alive,whole round,Bonus credits,,credits,per round,n/a,no,round-local,bar text,CHALLENGE_DEFS + contract engine,S,none,Failing a challenge must never fail the ROUND. Clear the raised goal and the round passes.
severance,Severance,Reward tile,rare,idea,between rounds,,,Clears every Escalated cell on the board and pays 10 credits,,credits,whole board,n/a,no,none,entity tile,reward-grid category,S,none,"Counterplay, Clean Slate's shape. A permanent liability needs a way off or it is just attrition."
