name,tier,type,flag,ratio_any,ratio_plan,pts,pips,mult,x_any,x_plan,fire_any,fire_plan,desc
Release Valve,rare,Credits / stock,-,,,0.0,0.0,0.0,1.0,1.0,0.0,0.0,"Each time you hit your Focus limit, gain +1 swap and +1 discard and lose 16 Focus."
Traveler,rare,Credits / stock,-,,,0.0,0.0,0.0,1.0,1.0,0.0,0.0,Every 4 hands you play without a same-type streak grants +1 swap
Type A,rare,Credits / stock,-,,,0.0,0.0,0.0,1.0,1.0,0.0,0.0,Every 2nd hand of an unbroken same-type streak grants +1 discard
Blood Diamonds,epic,Credits / stock,-,,,0.0,0.0,0.0,0.998,0.997,0.019,0.026,Hands containing exclusively hearts AND diamonds grant +5 credits but cost 10 seconds
Five for Fodder,common,Credits / stock,-,,,0.0,0.0,0.0,1.0,1.0,0.001,0.003,Discarding a valid 5-card hand grants +5 credits
Undue Influence,epic,Credits / stock,-,,,0.0,0.0,0.0,0.999,0.998,0.009,0.032,A Set containing a face card grants credits equal to the number of Set hands you have played this round
Buried Treasure,legendary,Credits / stock,-,,,0.0,0.0,0.0,1.0,1.0,0.0,0.0,Each scored diamond has a chance equal to half your Luck to apply x1.1 to your credits
Wild Side,rare,Dead in Flow,Dead in Flow,,,0.0,0.0,0.0,1.0,1.0,0.0,0.001,"+6 mult, scaling, for every negative reward tile you take"
Wait For Iiiit,epic,Dead in Flow,Dead in Flow,,,0.0,0.0,0.0,1.0,1.0,0.0,0.0,Each negative reward tile taken this run gives every scored card a +2% chance to replay
Head Start,rare,Focus,Outlier,3.004,,0.0,0.0,0.0,1.0,1.0,0.0,0.002,"The round's first hand adds +5 Focus; each hand after adds 1 less, down to 0"
Acorns,epic,Focus,High,2.682,,0.0,0.0,0.0,1.0,1.0,0.0,0.0,"Each card scored scales this trick +0.1 Focus, starting at +0; grants its whole-number Focus each hand"
Tick-Tock,common,Focus,High,2.51,,0.0,0.0,0.0,1.0,1.0,0.0,0.0,"Every time the clock ends in a 0, gain +2 Focus"
Rhythm,common,Focus,High,1.945,,0.0,0.0,0.0,1.0,0.999,0.003,0.011,Each hand played adds 1 additional focus
Gnomes,epic,Focus,High,1.901,,0.0,0.0,0.0,0.995,1.0,0.043,0.064,Each rank 5 or lower card scored adds its rank in Focus
Plan Ahead,rare,Focus,High,1.882,,0.0,0.0,0.0,1.0,0.999,0.014,0.02,Every 3rd hand adds Focus equal to your average hands per round
Study Hall,rare,Focus,High,1.617,,0.0,0.0,0.0,1.0,1.0,0.0,0.0,Every 2 cards scored adds +1 Focus
Cull,common,Focus,High,1.587,,0.0,0.0,0.0,1.0,1.0,0.0,0.0,Discarding or swapping adds +1 Focus per 2 remaining swaps and discards
Overclock,epic,Focus,High,1.544,,0.0,0.0,0.0,1.0,1.0,0.002,0.006,The Focus speed bonus is multiplied by 2.
Torrent,rare,Focus,Normal,1.386,,0.0,0.0,0.0,1.0,1.0,0.0,0.0,Runs add +1 Focus per card
Tunnel Vision,common,Focus,Normal,1.253,,0.0,0.0,0.0,1.0,1.0,0.016,0.02,Start each round with 5 focus
Double Dutch,epic,Focus,Normal,1.245,,0.0,0.0,0.0,1.0,1.0,0.0,0.0,Play 3 hands with a pair within 30s to add +16 Focus
Meditation,rare,Focus,Normal,0.897,,0.0,0.0,0.0,1.0,1.0,0.0,0.0,Focus decays 2 seconds slower
Groove,rare,Focus,Normal,0.889,,0.0,0.0,0.0,1.015,1.01,0.069,0.069,Scales +1 Focus for every 2 cards scored from a marked row or column. Resets each round.
Resonance,rare,Focus,Normal,0.718,,0.0,0.0,0.0,0.998,0.997,0.074,0.076,Pairs and Two Pairs containing a 2 or 4 add +2 Focus per card
Quick Draw,common,Focus,Normal,0.706,,0.0,0.0,0.0,0.998,0.998,0.013,0.014,Hands played within 2 seconds of the previous hand add +1 to your Focus limit (max +10)
3rd Down,rare,Focus,Normal,0.686,,0.0,0.0,0.0,1.0,1.0,0.001,0.0,3-card hands add +3 Focus
Lucky Sevens,rare,Focus,Normal,0.684,,0.0,0.0,0.0,1.0,1.0,0.023,0.031,+3 Focus for each 7 scored or discarded
Life Lessons,rare,Focus,Low,0.492,,0.0,0.0,0.0,1.0,0.999,0.02,0.028,Each round you complete increases your Focus limit by 1
Crossroads,rare,Focus,Low,0.37,,0.0,0.0,0.0,1.0,1.0,0.002,0.002,A 5 card + shaped hand adds +25 Focus
Collapsing Columns,epic,Focus,Low,0.319,,0.0,0.0,0.0,1.0,1.0,0.0,0.0,Full Houses score +10 Focus
Wildfire,rare,Focus,Barely pays,0.197,,0.0,0.0,0.0,1.0,1.0,0.0,0.0,Reaching a same-hand streak of 3 adds +5 Focus
the little guys,rare,Focus,Barely pays,0.179,,0.0,0.0,0.0,0.999,0.997,0.033,0.059,A 5-card hand with no face cards increases your Focus limit by 1 (max +15)
Hands of Blue,epic,Focus,Barely pays,0.16,,0.0,0.0,0.0,1.0,1.0,0.0,0.0,A 2×2 shaped hand adds +16 Focus
Clean Sweep,epic,Focus,Barely pays,0.15,,0.0,0.0,0.0,1.0,1.0,0.0,0.0,Use every cell of any row or column within two hands to add +5 Focus and +5 credits
The Falcon,epic,Focus,Barely pays,0.0,,0.0,0.0,0.0,0.999,1.0,0.035,0.036,Hands played while the clock is paused add +10 Focus
Expanse,common,Focus,Barely pays,-2.001,,0.0,0.0,0.0,1.0,1.0,0.0,0.0,"Each time you hit your Focus limit, increase it by 1 (max +10), then lose half your Focus"
Royal Favour,epic,Not measured,Not measured,,,0.0,0.0,0.0,1.0,1.0,0.008,0.015,Scoring a card adjacent to a Queen permanently increases that card's rank (after it scores). Queens are automatically discarded after they've been on the grid for 45 seconds
Ace Absorb,legendary,Not measured,Not measured,,,0.0,0.0,0.0,1.0,1.0,0.006,0.011,"When an Ace scores, 50% chance to permanently remove one random unscoring card and add its buffs to the Ace (once per hand)"
Wellspring,rare,Score,Outlier,17.263,4.987,5062.607,0.0,33.0,8.651,4.923,1.0,1.0,"For every 10 Focus generated this game, this trick scores +1 mult"
Cloud Nine,epic,Score,Outlier,14.993,5.582,5689.896,0.0,36.0,9.424,5.319,1.0,1.0,Each 9 scored permanently adds +9 mult to this trick
Old Growth,epic,Score,Outlier,7.967,9.044,4328.554,0.0,24.18,5.477,7.998,1.0,1.0,Cards add their pip value to mult
Rising Tide,common,Score,Outlier,6.831,2.436,1710.792,0.0,11.0,3.721,2.229,1.0,1.0,+1 mult for each level passed
Jackpot,legendary,Score,Outlier,5.588,1.87,3086.119,377.939,0.0,3.415,3.415,0.9,0.9,Score ×2 pips for each Jack on the grid
Combo Score,common,Score,Outlier,3.98,1.477,1336.315,0.0,7.372,2.585,1.746,0.845,0.845,+4 mult for every distinct hand type played this round
Hyper Focus,rare,Score,Outlier,3.837,2.073,1518.642,0.0,7.478,2.701,2.631,1.0,1.0,Each card scored adds mult equal to 2x your Focus multiplier
Magician,common,Score,Outlier,3.67,1.347,909.446,0.0,6.0,2.462,1.68,1.0,1.0,+3 mult for each Sleight you own
The Swift,rare,Score,Outlier,3.455,0.994,1534.277,0.0,8.05,2.531,1.782,0.77,0.772,+5 mult for every 10 seconds elapsed this round
Perfect Ten,rare,Score,Outlier,3.247,0.82,938.438,0.0,6.0,2.439,1.645,1.0,1.0,Every 9 cards discarded permanently adds +3 mult to this trick
Twinners,epic,Score,High,2.646,2.417,1464.619,188.686,0.0,2.487,2.87,0.828,0.958,Set type hands score x3 pips
Compound,epic,Score,High,2.086,0.667,784.462,0.0,4.8,2.172,1.516,1.0,1.0,Each hand played permanently adds +0.1 mult to this trick
Balance,common,Score,Outlier,2.016,4.969,981.961,0.0,5.735,1.803,3.508,0.426,0.904,Hands with exactly 2 suits score +5 mult per card
Quake,common,Score,Outlier,1.768,3.348,921.746,0.0,4.83,1.704,2.69,0.434,0.911,Sets score +5 mult per card in the largest set
Eagle Eye,rare,Score,High,1.748,0.505,767.389,0.0,4.49,1.775,1.397,0.545,0.548,Score +5 mult for every 10 seconds elapsed without using a swap
Rich Soil,common,Score,High,1.634,1.22,492.818,0.0,2.818,1.651,1.616,1.0,1.0,All cards score +1 mult
Shaky Foundation,common,Score,Normal,1.44,0.473,616.358,0.0,4.215,1.574,1.239,0.3,0.26,Every other Set scores +15 mult
Five Stack,legendary,Score,Outlier,1.353,4.266,2186.048,21.02,5.255,1.585,6.508,0.252,0.999,"Each card in a 5-card hand scores +20 pips, +5 mult, and +1 Focus"
Power Line,common,Score,Outlier,1.309,3.227,600.134,0.0,3.545,1.522,2.629,0.43,0.933,Cards scored in a marked row or column score +5 mult
Odd One In,rare,Score,Normal,1.307,1.142,585.245,0.0,3.288,1.579,1.898,0.654,0.937,Odd-ranked cards score +3 mult
Penny Saved,rare,Score,Normal,1.298,0.436,455.143,60.0,0.0,1.575,1.343,1.0,1.0,Each 5 discarded or played permanently adds +5 pips to this trick
What are The Odds,epic,Score,Outlier,1.283,4.983,1202.116,0.0,5.771,1.721,4.855,0.647,0.986,Odd-ranked cards score x1.7 mult
Nimble,common,Score,Normal,1.221,0.202,247.777,0.0,2.61,1.486,1.102,0.284,0.118,2-card hands score +10 mult
Landfill,epic,Score,Normal,1.139,0.566,675.282,0.0,3.663,1.64,1.438,0.593,0.601,Score +1 mult per card for every discard or swap used this round
Scalper,rare,Score,Normal,1.129,0.636,535.114,0.0,3.272,1.5,1.5,1.0,1.0,"Score ×1 mult, +×0.25 per charge your Sleights are missing"
Four Eyes,common,Score,High,0.948,1.848,467.021,0.0,2.832,1.378,1.933,0.274,0.654,4-card hands score +12 mult
Compost,common,Score,Normal,0.917,0.395,412.916,0.0,2.346,1.365,1.199,0.328,0.329,+2 mult per card discarded this round
Men of Repute,common,Score,High,0.916,2.641,499.5,2.24,2.329,1.365,2.333,0.308,0.89,Kings and Jacks score +5 pips and +5 mult
Storm,common,Score,High,0.866,2.079,565.666,0.0,2.786,1.345,2.049,0.376,0.911,Runs score +2 mult per card
Diversity,rare,Score,Outlier,0.836,4.382,1058.224,0.0,4.63,1.371,4.447,0.212,0.993,Hands with 4+ different ranks score +5 mult per card
Lie Down,rare,Score,Outlier,0.819,3.664,370.648,0.0,3.04,1.363,3.882,0.182,0.682,Hands with cards from only one row score +10 mult per card
Unsummit,common,Score,Normal,0.812,0.516,251.234,32.496,0.0,1.324,1.26,1.0,1.0,The highest-ranking card in each hand scores +(level x 2) pips.
Kindling,common,Score,Normal,0.805,0.43,407.662,0.0,2.532,1.321,1.217,0.272,0.286,Same-hand streaks score +4 mult × the streak count
Sands of Time,rare,Score,Normal,0.799,0.27,247.344,37.942,0.0,1.354,1.213,0.997,0.997,Score +pips equal to time remaining ÷ 2
Second Hand,common,Score,Normal,0.763,0.312,271.945,2.97,1.465,1.304,1.157,0.528,0.528,"Every time the clock passes a multiple of 10s, your next hand scores either +5 mult or +10 pips"
Portfolio,epic,Score,Normal,0.756,0.545,399.147,0.0,2.437,1.425,1.422,0.982,0.983,"Score ×1 mult, +×0.15 for every card on the grid with a buff"
Stand-Up,rare,Score,High,0.666,1.785,238.91,0.0,1.825,1.295,2.404,0.194,0.581,Hands with cards from only one column score +5 mult per card
Stand Up,common,Score,High,0.663,1.806,239.218,0.0,1.825,1.264,1.912,0.213,0.479,Hands with cards from only one column score +5 mult per card
Undertow,epic,Score,High,0.52,1.846,583.77,61.624,0.0,1.292,2.429,0.371,0.968,"Runs score ×1.5 pips, +×0.5 per card beyond 3"
Prime Time,rare,Score,Low,0.464,0.462,237.235,25.105,0.0,1.206,1.364,0.626,0.935,"Prime-ranked cards (A,2,3,5,7) score +23 pips"
Relentless,legendary,Score,Low,0.46,0.591,216.846,0.0,1.147,1.199,1.763,0.471,0.848,Each spade scores x0.05 mult for every spade scored since you took this (replays count). No effect until it passes x1
Heartwood,epic,Score,Normal,0.453,0.687,267.611,3.067,1.23,1.255,1.532,0.42,0.841,"When scored, the center-most card gains +5 pips & +2 mult"
Interest,rare,Score,Low,0.446,0.251,216.228,23.428,0.0,1.197,1.197,0.805,0.808,"Score ×1 pips, +0.1 for every 10 credits you hold, up to ×3"
Magnitude,epic,Score,Low,0.425,0.542,231.377,0.0,1.183,1.239,1.419,0.534,0.854,Hands containing a pair score ×1.5 mult
Assembly Line,epic,Score,Normal,0.42,0.776,326.163,0.0,1.433,1.236,1.6,0.36,0.73,Cards scored in a marked row or column score +1 mult for every card played from that line this round
Feelin Lucky,epic,Score,Normal,0.404,0.878,265.416,0.0,1.363,1.227,1.68,0.63,0.941,"Five randomly rolled ranks score x1.25 mult. Trying to sell this costs 30% of your credits and rerolls the ranks instead - 3 times, then it really sells"
Aftershock,common,Score,Low,0.395,0.505,143.01,23.257,0.0,1.157,1.255,0.223,0.35,Two Pair scores ×2 pips
Quarter Chime,rare,Score,Low,0.341,0.121,142.704,17.595,0.0,1.151,1.095,0.383,0.402,"Every time the clock passes a multiple of 15s, your next hand scores +45 pips"
Sediment,rare,Score,Low,0.339,0.114,128.753,16.1,0.0,1.15,1.089,0.761,0.763,Scores +10 pips for every 10 seconds elapsed this round
Obsessed,legendary,Score,Low,0.331,0.364,160.377,0.0,0.826,1.143,1.47,0.535,0.815,Each heart applies x mult equal to 1 + (credits / 100). 50 credits = x1.5
"Ready, Set, Go",common,Score,Low,0.321,0.31,133.528,0.0,0.999,1.128,1.157,0.118,0.161,"A 3-card hand containing a 3, 6 or 9 scores +9 mult"
Minute Hand,rare,Score,Low,0.295,0.166,147.004,0.0,0.843,1.131,1.131,0.196,0.198,"Every time the clock passes a multiple of 30s, your next hand scores ×2 mult"
Rogue Wave,rare,Score,Low,0.289,0.493,183.112,4.64,1.0,1.128,1.388,0.108,0.268,"Runs played in correct sequential order score one of the following: +80 pips, +20 mult, +10 Focus"
Threepeat,epic,Score,Low,0.278,0.499,165.991,0.0,1.116,1.156,1.386,0.165,0.424,"If the hand's pip total is divisible by 3, one of the following happens: rewind 9 seconds, +9 mult, +9 Focus"
4x4,common,Score,Low,0.278,0.383,100.6,10.768,0.0,1.111,1.193,0.49,0.811,Cards scored in the 4th column score +16 pips
Every Day Essentials,rare,Score,Low,0.273,0.242,121.996,13.374,0.0,1.121,1.19,0.66,0.9,Rank-6-and-below cards score their rank ×3 pips
3rd Time's a Charm,rare,Score,Low,0.269,0.558,189.819,9.966,0.245,1.119,1.439,0.568,0.929,The 3rd card of a hand replays 2x
Early Bird,common,Score,Low,0.264,0.246,104.892,12.566,0.0,1.105,1.124,0.905,0.907,Hands played in the first third of the round score +5 pips per card
Tide Table,epic,Score,Low,0.256,0.494,239.214,0.0,1.103,1.144,1.382,0.382,0.851,"Runs score ×1 mult, +×0.25 per Run scored this round"
Rainbow,rare,Score,Outlier,0.241,13.588,921.149,2.64,2.64,1.107,11.69,0.052,0.872,Hands with all four suits score +16 pips and +16 mult per card
Mirror,rare,Score,Low,0.238,0.189,259.368,1.148,1.305,1.105,1.149,0.744,0.9,Tap to tilt left or right; mimics the effect of the Trick it reflects.
Cascade,common,Score,Low,0.235,0.472,140.074,13.93,0.0,1.094,1.238,0.358,0.841,Runs score +10 pips per card
Four Horse-man,epic,Score,Barely pays,0.198,0.192,101.512,0.96,0.552,1.111,1.148,0.172,0.277,"4-card hands grant a random bonus: +16 pips, +8 mult, +4 Focus, or a 4-second pause"
Echoes,common,Score,Low,0.185,0.298,129.822,6.293,0.144,1.074,1.151,0.268,0.286,Playing the same hand type as the previous hand replays each card
Hard Labour,legendary,Score,Low,0.178,0.201,448.989,53.024,0.0,1.077,1.26,0.554,0.671,"Each club scored this round adds more and more pips: doubles each time, starting at 1"
The Hummingbird,rare,Score,Barely pays,0.167,0.054,0.0,0.0,0.0,1.074,1.042,0.18,0.204,+2 mult for every clock pause or rewind triggered this game
Flow State,rare,Score,Barely pays,0.166,0.109,93.998,9.17,0.0,1.074,1.085,0.355,0.359,"While focus is ×1.5 or higher, score +10 pips per card"
Marathon,epic,Score,Low,0.153,0.291,215.617,0.0,0.0,1.086,1.225,0.203,0.434,Run type hands apply the Focus multiplier twice
Sapling,rare,Score,Barely pays,0.152,0.119,60.886,6.325,0.0,1.067,1.093,0.677,0.9,"Each level, 3 cards permanently gain +5 pips"
Heads of State,epic,Score,Normal,0.143,0.681,173.94,0.0,0.747,1.081,1.527,0.124,0.614,A hand containing a King and one other Royal scores ×2 mult
On the Edge,common,Score,Low,0.141,0.235,35.732,6.135,0.0,1.056,1.119,0.234,0.333,Hands where all cards are on an edge score +15 pips per card
Double Take,rare,Score,Low,0.138,0.324,92.05,0.985,0.206,1.061,1.255,0.145,0.504,Each 2 scored force triggers your rightmost Trick
Ripple,rare,Score,Low,0.137,0.234,105.571,5.961,0.092,1.061,1.184,0.349,0.801,Cards adjacent in rank to another card in the hand have a 50% chance to replay
Feng Shui,epic,Score,Barely pays,0.13,0.06,0.0,0.0,0.0,1.073,1.047,0.3,0.3,Permanently scores +3 pips for each hand scored with a row or column buff
Face Value,common,Score,Barely pays,0.13,0.166,50.621,6.9,0.0,1.052,1.084,0.389,0.667,Face cards (J/Q/K) score +10 pips
Right Place,common,Score,Barely pays,0.125,0.172,46.439,6.8,0.0,1.05,1.087,0.4,0.685,Cards scored in a marked row or column score +10 pips
The Heron,rare,Score,Barely pays,0.125,0.042,81.195,0.0,0.46,1.055,1.033,0.046,0.046,Hands played 15+ seconds after the previous hand score +10 mult
Perfect Timing,epic,Score,Low,0.12,0.269,74.458,4.645,0.132,1.067,1.208,0.38,0.704,Cards scored in a marked row or column replay once
First Fruits,rare,Score,Barely pays,0.116,0.08,45.623,4.559,0.0,1.051,1.063,0.744,0.932,Each card in the first hand each round permanently gains +3 pips
D6,epic,Score,Barely pays,0.104,0.102,48.384,5.304,0.0,1.058,1.079,0.73,0.933,Every 6th card scored permanently gains a random +1–6 pips
Prime Times,rare,Score,Barely pays,0.1,0.089,76.636,1.144,0.397,1.044,1.07,0.496,0.555,"Scoring prime-ranked cards (A,2,3,5,7) primes your leftmost Trick"
Echo Location,rare,Score,Barely pays,0.099,0.129,49.108,3.426,0.065,1.044,1.101,0.325,0.578,Cards scored in a marked row or column have a 67% chance to replay
Wave Amplification,common,Score,Barely pays,0.096,0.127,57.029,6.04,0.0,1.038,1.064,0.382,0.781,Consecutively played Runs score +10 pips × the streak count
Dark Matter,epic,Score,Barely pays,0.094,0.094,25.34,8.193,0.0,1.053,1.073,0.112,0.159,All-Spade hands add the remaining round time as pips
Get Even,common,Score,Barely pays,0.081,0.075,39.345,3.836,0.0,1.032,1.038,0.604,0.817,Even-ranked cards score +4 pips
Encore,epic,Score,Barely pays,0.077,0.085,40.885,2.495,0.1,1.043,1.066,0.196,0.166,Set-type hands made of only odd-ranked cards replay each card
Twenty-One,legendary,Score,Low,0.074,0.465,64.757,5.763,0.0,1.032,1.6,0.038,0.444,"If the face values of your cards total exactly 21, score ×3 pips"
Even Better,epic,Score,Barely pays,0.07,0.078,39.769,4.749,0.0,1.039,1.06,0.489,0.763,Even-ranked cards have a 66% chance to score x2.2 pips
Chorus,epic,Score,Normal,0.069,0.775,172.503,0.0,0.839,1.039,1.6,0.044,0.336,×1.75 mult each time a card is replayed
The Woodpecker,rare,Score,Barely pays,0.057,0.134,29.061,2.374,0.018,1.025,1.105,0.122,0.392,Marks a random card once every 30 seconds; scoring the marked card replays it 2x
Eye of the Storm,epic,Score,Barely pays,0.055,0.038,39.364,2.096,0.088,1.031,1.03,0.086,0.094,Hands played in the middle third of the round replay the highest-ranked card(s) 2x
Middle Management,common,Score,Barely pays,0.051,0.055,22.809,2.292,0.0,1.02,1.028,0.436,0.683,4-card hands permanently give the 4th card +4 pips
Tidal Forces,common,Score,Normal,0.048,1.014,55.941,0.0,0.245,1.019,1.511,0.032,0.296,Flushes score +5 mult per card
Critical,epic,Score,Low,0.044,0.545,68.231,0.0,0.334,1.025,1.422,0.027,0.343,Flush type hands score x3 mult
First Light,common,Score,Barely pays,0.041,0.062,17.133,2.18,0.0,1.016,1.031,0.225,0.441,Aces score 21 pips
Night Owl,common,Score,Barely pays,0.036,0.029,19.441,0.0,0.102,1.014,1.014,0.02,0.023,Hands played in the last third of the round score +3 mult per card
Rerun,epic,Score,Low,0.034,0.207,25.23,2.346,0.0,1.019,1.16,0.076,0.302,×1.2 pips each time a card is replayed
Cornered,rare,Score,Barely pays,0.034,0.04,14.099,1.768,0.0,1.015,1.031,0.114,0.29,Corner cards score ×pips equal to the whole minutes left on the clock
Full Load,rare,Score,Barely pays,0.032,0.167,24.832,2.34,0.0,1.014,1.131,0.064,0.515,5-card hands score +10 pips per card
Inspirato,epic,Score,Barely pays,0.026,0.033,18.37,0.56,0.035,1.015,1.025,0.101,0.139,"When an Ace scores, prime your first and last Tricks"
Hourglass,epic,Score,Barely pays,0.024,0.061,23.236,0.986,0.044,1.014,1.047,0.117,0.316,"Each time the clock passes a minute mark, there is a 50% chance to give a random card on the grid +1 replay"
Kaleidoscope,rare,Score,Barely pays,0.021,0.104,31.554,0.0,0.0,1.009,1.082,0.02,0.16,Playing four or more suits in a hand applies the Focus multiplier a second time
Inclusive,rare,Score,Normal,0.017,1.426,17.164,0.0,0.1,1.008,2.122,0.031,0.54,Hands spanning the full width or height of the grid score +25 mult
Patient Rulers,epic,Score,Barely pays,0.015,0.033,0.0,0.0,0.0,1.008,1.026,0.041,0.101,"If you have paused or rewound the clock this round, face cards score x1.5 mult"
Richter,legendary,Score,Low,0.015,0.242,32.038,0.0,0.098,1.006,1.313,0.022,0.266,Four of a Kind scores ×3 mult and +10 Focus
Sideways to Infinity,rare,Score,Barely pays,0.014,0.048,7.072,0.732,0.0,1.006,1.038,0.028,0.127,Each scored 8 replays once for each other 8 in the hand
Enriched,common,Score,Barely pays,0.013,0.126,8.349,0.8,0.0,1.005,1.064,0.018,0.179,Flushes score +100 pips
Stretch,epic,Score,Normal,0.013,1.474,63.703,0.0,0.357,1.007,2.141,0.061,0.335,"When a hand has 2 or more corner cards, each corner card scores ×4 mult"
Near Extinction,rare,Score,Barely pays,0.009,0.009,5.745,0.28,0.013,1.004,1.007,0.048,0.048,"In the last third of the round, each scored card replays"
The Albatross,rare,Score,Barely pays,0.009,0.003,0.0,0.0,0.0,1.004,1.002,0.048,0.048,+5 pips for every second the clock has spent paused this round
The Kingfisher,rare,Score,Barely pays,0.007,0.001,0.0,0.0,0.0,1.003,1.001,0.072,0.088,+1 mult for every 2 seconds the clock has been paused or rewound this round
Straight Shot,epic,Score,Low,0.005,0.454,8.668,0.0,0.054,1.003,1.351,0.01,0.186,5-card hands played in a straight line add every card's pip value to mult
Deep Breath,rare,Score,Barely pays,0.004,0.011,0.0,0.0,0.0,1.002,1.009,0.016,0.056,Score ×2 pips while the clock is paused
Bedrock,epic,Score,Barely pays,0.002,0.003,0.0,0.0,0.0,1.001,1.002,0.017,0.036,Four of a Kind permanently buffs its 4 cards +8 pips each
The Phoenix,legendary,Score,Barely pays,0.001,0.001,0.0,0.0,0.0,1.001,1.002,0.048,0.062,"While the clock is paused, the Focus multiplier applies twice (hands that trigger a pause count)"
Move as One,epic,Score,Barely pays,0.0,0.0,0.0,0.0,0.0,1.0,1.0,0.0,0.0,"If 3+ of your Tricks share a keyword, a random Trick sharing that keyword scores its effect a second time"
Ley Line,epic,Score,Barely pays,-0.004,-0.003,0.0,0.0,0.0,0.998,0.998,0.005,0.006,Cards scored at the intersection of a row effect and a column effect permanently gain +1 mult
Rain Check,epic,Time,Outlier,3.287,,0.0,0.0,0.0,1.0,1.0,0.009,0.013,"Skipping a reward adds +30 seconds to your next round (in Flow, to the timer)"
Right Time,rare,Time,High,2.17,,0.0,0.0,0.0,1.008,1.005,0.035,0.041,Cards scored in a marked row or column pause the clock for +2s
Double Jeopardy,epic,Time,High,1.948,,0.0,0.0,0.0,1.001,1.002,0.025,0.03,"2 cells are secretly marked at round start; the first time you score from those cells, pause the clock for 15 seconds each"
Wait Four It,rare,Time,High,1.829,,0.0,0.0,0.0,1.0,1.0,0.014,0.022,4-card hands permanently buff their 4th card with +2s pause when scored (time buffs do not stack)
Dam Holding…,rare,Time,Normal,1.385,,0.0,0.0,0.0,1.037,1.022,0.052,0.052,Runs pause the clock +3s
Hoarder House,epic,Time,Normal,1.315,,0.0,0.0,0.0,1.007,1.021,0.031,0.063,Each hand rewinds the clock 1 second for every 2 swaps + discards you hold
High Water,epic,Time,Low,0.45,,0.0,0.0,0.0,1.003,1.001,0.041,0.053,Runs pause the clock for 1 second for each Run played this round
Five Second Rule,rare,Time,Low,0.384,,0.0,0.0,0.0,1.023,1.013,0.062,0.07,5-card hands pause the clock +5s
Deluge,rare,Time,Barely pays,0.156,,0.0,0.0,0.0,1.0,1.0,0.017,0.022,Flushes rewind the clock 15 seconds
Overtime,rare,Time,Barely pays,0.077,,0.0,0.0,0.0,1.0,1.0,0.006,0.007,Rewind the clock +1s for every 3 cards you have scored from this Trick's marked row or column. Resets each round.
The Cuckoo,epic,Time,Barely pays,0.0,,0.0,0.0,0.0,1.0,1.0,0.011,0.012,Every other hand pauses the clock for 1 second for every 5 replays triggered this round
The Vulture,epic,Time,Barely pays,0.0,,0.0,0.0,0.0,1.0,1.0,0.0,0.0,Cards discarded during the round’s first pause permanently gain +3s pause when scored (time buffs do not stack)
Temporal Rift,epic,Time,Barely pays,0.0,,0.0,0.0,0.0,1.0,1.0,0.0,0.008,A card scored where a row and column effect intersect gains +3s rewind when scored (time buffs do not stack)
